<?xml version="1.0" encoding="UTF-8"?>
<project-private xmlns="http://www.netbeans.org/ns/project-private/1">
    <editor-bookmarks xmlns="http://www.netbeans.org/ns/editor-bookmarks/2" lastBookmarkId="0"/>
    <open-files xmlns="http://www.netbeans.org/ns/projectui-open-files/2">
        <group>
            <file>file:/D:/Kuliah/Ms.%20Deffa%20Rahadian/FINAL/MovieDatabase/src/User/user.java</file>
            <file>file:/D:/Kuliah/Ms.%20Deffa%20Rahadian/FINAL/MovieDatabase/src/Admin/addAdmin.java</file>
            <file>file:/D:/Kuliah/Ms.%20Deffa%20Rahadian/FINAL/MovieDatabase/src/User/normalUser.java</file>
        </group>
    </open-files>
</project-private>
